,customer_id,1,prediction
0,7379-POKDZ,0.5632547132575022,1
1,6121-TNHBO,0.05842683341209542,0
2,4000-VGMQP,0.0590451129819879,0
3,7000-WCEVQ,0.3125198393460827,0
4,7762-URZQH,0.1708934207018354,0
5,9830-ECLEN,0.08646580586299651,0
6,4720-VSTSI,0.46043816091356293,0
7,1273-MTETI,0.5525497496970607,1
8,2616-UUTFK,0.26560250178895306,0
9,0603-TPMIB,0.028499674222501645,0
10,9101-NTIXF,0.20513701811692706,0
11,4877-EVATK,0.20091662567205174,0
12,5993-BQHEA,0.028251006009443726,0
13,7868-TMWMZ,0.17006698415615668,0
14,8058-INTPH,0.5627633157344581,1
15,0557-ASKVU,0.0660500665494155,0
16,5201-CBWYG,0.024052240540988267,0
17,3847-BAERP,0.20768947929183368,0
18,8107-KNCIM,0.5632547132575022,1
19,1666-JXLKU,0.5426873773685384,1
20,0795-XCCTE,0.023888207848692097,0
21,7629-WIXZF,0.07793464775654962,0
22,7156-MHUGY,0.5463858761075644,1
23,1135-HIORI,0.21252694541630515,0
24,9256-JTBNZ,0.17418981644952072,0
25,4659-NZRUF,0.5454368020334903,1
26,8749-TZYEC,0.024052240540988267,0
27,1596-OQSPS,0.3297335872629613,0
28,4501-EQDRN,0.46578142240880305,0
29,7169-YWAMK,0.05685760434726527,0
30,9958-MEKUC,0.17087647094412045,0
31,5242-UOWHD,0.027952313078642613,0
32,1498-DQNRX,0.20091662567205174,0
33,7785-RDVIG,0.20204610902601797,0
34,1525-LNLOJ,0.05740677389533893,0
35,6158-DWPZT,0.070905000389221,0
36,8705-DWKTI,0.46043816091356293,0
37,4030-VPZBD,0.33189019862545516,0
38,6734-GMPVK,0.5172441625423487,1
39,8780-YRMTT,0.08502007774347282,0
40,6647-ZEDXT,0.17006698415615668,0
41,7245-NIIWQ,0.5652754105861486,1
42,2429-AYKKO,0.030312394599126644,0
43,9391-EOYLI,0.5627633157344581,1
44,2207-OBZNX,0.3297335872629613,0
45,0876-WDUUZ,0.4594619278443066,0
46,0836-SEYLU,0.33189019862545516,0
47,8361-LTMKD,0.5632547132575022,1
48,6784-XYJAE,0.08462046296239886,0
49,4913-EHYUI,0.16942140865321062,0
50,8749-JMNKX,0.44227598102245225,0
51,3496-LFSZU,0.5632547132575022,1
52,8894-JVDCV,0.1645677841683747,0
53,7753-USQYQ,0.07645198044224309,0
54,3523-QRQLL,0.06068303258028937,0
55,8042-RNLKO,0.023888207848692097,0
56,3658-KIBGF,0.3297335872629613,0
57,0817-HSUSE,0.3185976551046336,0
58,4585-HETAI,0.5632547132575022,1
59,5095-AESKG,0.44227598102245225,0
60,1640-PLFMP,0.5632547132575022,1
61,6184-DYUOB,0.20230727042552835,0
62,3351-NQLDI,0.14687332818449284,0
63,6061-GWWAV,0.08142272912686367,0
64,4647-MUZON,0.4447300895416684,0
65,9522-BNTHX,0.32338221074184553,0
66,2761-XECQW,0.33189019862545516,0
67,1941-HOSAM,0.5483925875169604,1
68,2984-AFWNC,0.5454368020334903,1
69,9927-DSWDF,0.5172441625423487,1
70,0516-VRYBW,0.027502531562456686,0
71,9629-NHXFW,0.20513701811692706,0
72,0130-SXOUN,0.4443247014946526,0
73,7017-VFHAY,0.1645677841683747,0
74,9708-HPXWZ,0.2853705711014913,0
75,9945-PSVIP,0.03500368510806449,0
76,0068-FIGTF,0.07978480952856222,0
77,2823-LKABH,0.4447300895416684,0
78,9648-BCHKM,0.023116242817315412,0
79,1073-XXCZD,0.023888207848692097,0
80,7633-MVPUY,0.07793464775654962,0
81,9412-GHEEC,0.42770442420691873,0
82,4418-LZMSV,0.26600021182211897,0
83,1241-FPMOF,0.03373660335745963,0
84,6429-SHBCB,0.3202355747029351,0
85,5324-KTGCG,0.03218238289611679,0
86,3583-EKAPL,0.3297335872629613,0
87,2202-CUYXZ,0.5627633157344581,1
88,9445-SZLCH,0.4447300895416684,0
89,7109-MFBYV,0.33189019862545516,0
90,6196-HBOBZ,0.22511386491579383,0
91,5748-RNCJT,0.17006698415615668,0
92,1470-PSXNM,0.18808216362626706,0
93,4086-WITJG,0.029792740349280998,0
94,3486-HOOGQ,0.0590451129819879,0
95,3396-DKDEL,0.1645677841683747,0
96,5995-LFTLE,0.023888207848692097,0
97,1304-BCCFO,0.3202355747029351,0
98,6723-WSNTY,0.17006698415615668,0
99,8920-NAVAY,0.17006698415615668,0
100,4137-BTIKL,0.5463858761075644,1
101,4730-AWNAU,0.05717179098344223,0
102,3401-URHDA,0.05936425134356627,0
103,2252-ISRNH,0.18143890593589415,0
104,9134-CEQMF,0.5525497496970607,1
105,5176-OLSKT,0.05740677389533893,0
106,2999-AANRQ,0.0596258897231465,0
107,9820-RMCQV,0.2853705711014913,0
108,0060-FUALY,0.5454368020334903,1
109,3569-JFODW,0.0585249675379911,0
110,4132-KALRO,0.5401191666494095,1
111,4911-BANWH,0.4519467228345465,0
112,2357-COQEK,0.5284611676738791,1
113,4289-DTDKW,0.5401191666494095,1
114,2668-TZSPS,0.1923648197610219,0
115,0030-FNXPP,0.20091662567205174,0
116,9386-LDCZR,0.12307742146386474,0
117,9540-JYROE,0.5652754105861486,1
118,6242-FEGFD,0.22024089890775797,0
119,2380-DAMQP,0.2086328818651203,0
120,1548-FEHVL,0.5172441625423487,1
121,2845-KDHVX,0.07410770550968007,0
122,8714-CTZJW,0.46043816091356293,0
123,1057-FOGLZ,0.20230727042552835,0
124,7691-KGKGP,0.2606645820230631,0
125,9863-JZAIC,0.3297335872629613,0
126,2883-ILGWO,0.42770442420691873,0
127,1656-DRSMG,0.4055598040852128,0
128,2984-MIIZL,0.45917436662672356,0
129,3779-OSWCF,0.07403375283744874,0
130,0621-TWIEM,0.33189019862545516,0
131,9402-CXWPL,0.22511386491579383,0
132,7542-CYDDM,0.20091662567205174,0
133,3508-VLHCZ,0.0585249675379911,0
134,1455-HFBXA,0.12307742146386474,0
135,9174-FKWZE,0.20230727042552835,0
136,5149-QYTTU,0.15367766915351813,0
137,5120-ZBLAI,0.0590451129819879,0
138,6402-ZFPPI,0.5387370498802041,1
139,7609-YBPXG,0.057763402991383446,0
140,0196-VULGZ,0.5627633157344581,1
141,2369-FEVNO,0.20091662567205174,0
142,8393-DLHGA,0.5454368020334903,1
143,5567-WSELE,0.5463858761075644,1
144,5985-BEHZK,0.16942140865321062,0
145,6617-WLBQC,0.1241875808592127,0
146,4667-QONEA,0.0590451129819879,0
147,5364-EVNIB,0.5627633157344581,1
148,8138-EALND,0.20091662567205174,0
149,9821-POOTN,0.5632547132575022,1
150,2074-GKOWZ,0.4443247014946526,0
151,3068-OMWZA,0.5525497496970607,1
152,6298-QDFNH,0.5627633157344581,1
153,3705-PSNGL,0.027952313078642613,0
154,3318-ISQFQ,0.18199181535256684,0
155,7321-PKUYW,0.5483925875169604,1
156,7716-YTYHG,0.18076432506702506,0
157,3648-GZPHF,0.08408468831102656,0
158,7690-KPNCU,0.0590451129819879,0
159,7244-QWYHG,0.06644968133048944,0
160,5913-INRQV,0.18344561734529014,0
161,6447-EGDIV,0.03218238289611679,0
162,7176-WIONM,0.2853705711014913,0
163,5577-OTWWW,0.18060117059909023,0
164,9139-TWBAS,0.06789540945001314,0
165,5519-YLDGW,0.5186992248332585,1
166,0142-GVYSN,0.1944457379037916,0
167,9799-CAYJJ,0.5614800662695062,1
168,2284-VFLKH,0.166334912437177,0
169,3985-HOYPM,0.03809459419897358,0
170,2761-OCIAX,0.5632547132575022,1
171,2516-XSJKX,0.07978480952856222,0
172,2229-DPMBI,0.03373660335745963,0
173,1266-NZYUI,0.05740677389533893,0
174,3161-GETRM,0.44220269243184823,0
175,6338-AVWCY,0.33189019862545516,0
176,4781-ZXYGU,0.1798526961521032,0
177,3769-MHZNV,0.03219486901762237,0
178,2623-DRYAM,0.22959110688012097,0
179,4893-GYUJU,0.03500368510806449,0
180,1063-DHQJF,0.18143890593589415,0
181,2195-ZRVAX,0.5627633157344581,1
182,4109-CYRBD,0.3297335872629613,0
183,4433-JCGCG,0.5401191666494095,1
184,1585-MQSSU,0.3297335872629613,0
185,8404-VLQFB,0.21353036676959655,0
186,6270-OMFIW,0.20976293604468282,0
187,4529-CKBCL,0.5627633157344581,1
188,4513-CXYIX,0.1241875808592127,0
189,9845-QOMAD,0.034256257607305274,0
190,9124-LHCJQ,0.5617870826652019,1
191,3170-NMYVV,0.027502531562456686,0
192,2805-EDJPQ,0.166334912437177,0
193,8914-RBTSB,0.5463858761075644,1
194,1952-DVVSW,0.03219486901762237,0
195,9210-IAHGH,0.26560250178895306,0
196,4686-GEFRM,0.166334912437177,0
197,7094-MSZAO,0.18060117059909023,0
198,7997-EASSD,0.1241875808592127,0
199,3030-YZADT,0.33189019862545516,0
200,5787-KXGIY,0.03105982209988586,0
201,8498-XXGWA,0.3297335872629613,0
202,5092-STPKP,0.2768625832178817,0
203,6583-KQJLK,0.5463858761075644,1
204,5543-QDCRY,0.32338221074184553,0
205,9057-MSWCO,0.2853705711014913,0
206,6281-FKEWS,0.08646580586299651,0
207,8966-OIQHG,0.02441867326803211,0
208,8065-BVEPF,0.4447300895416684,0
209,2654-VBVPB,0.18060117059909023,0
210,5701-YVSVF,0.5627633157344581,1
211,8261-GWDBQ,0.1645677841683747,0
212,3751-KTZEL,0.33189019862545516,0
213,7892-QVYKW,0.5617870826652019,1
214,8108-UXRQN,0.33189019862545516,0
215,4361-BKAXE,0.40150713017538225,0
216,5233-AOZUF,0.5632547132575022,1
217,3162-KKZXO,0.22905573596459725,0
218,3104-OWCGK,0.18143890593589415,0
219,2592-SEIFQ,0.3299661984422226,0
220,3002-WQZWT,0.5632547132575022,1
221,4566-QVRRW,0.33189019862545516,0
222,5271-DBYSJ,0.45868296910367945,0
223,6139-ZZRBQ,0.028251006009443726,0
224,4332-MUOEZ,0.14687332818449284,0
225,4213-HKBJO,0.023888207848692097,0
226,7056-IMHCC,0.5387370498802041,1
227,5981-ZVXOT,0.2141320818529023,0
228,8012-SOUDQ,0.5483925875169604,1
229,1976-AZZPJ,0.33189019862545516,0
230,3705-RHRFR,0.166334912437177,0
231,0254-WWRKD,0.06789540945001314,0
232,6082-OQFBA,0.03373660335745963,0
233,0111-KLBQG,0.5463858761075644,1
234,5821-MMEIL,0.028251006009443726,0
235,5019-GQVCR,0.5627633157344581,1
236,5924-SNGKP,0.024682406986563453,0
237,7952-OBOYL,0.5483925875169604,1
238,5174-RNGBH,0.3076590196809476,0
239,2320-SLKMB,0.2853705711014913,0
240,6407-UTSLV,0.46043816091356293,0
241,8597-CTXVJ,0.05740677389533893,0
242,1587-FKLZB,0.4447300895416684,0
243,6253-GNHWH,0.08036558626972083,0
244,6655-LHBYW,0.1645677841683747,0
245,6141-OOXUQ,0.20230727042552835,0
246,1977-STDKI,0.5632547132575022,1
247,8148-NLEGT,0.029238904635247222,0
248,5183-SNMJQ,0.4447300895416684,0
249,8861-HGGKB,0.5582937966862831,1
250,1444-VVSGW,0.1645677841683747,0
251,2379-ENZGV,0.5627633157344581,1
252,8752-STIVR,0.5627633157344581,1
253,6171-ZTVYB,0.2606645820230631,0
254,8250-ZNGGW,0.2720943185287557,0
255,3556-BVQGL,0.03219486901762237,0
256,8144-DGHXP,0.07978480952856222,0
257,3566-CAAYU,0.08646580586299651,0
258,4468-KAZHE,0.3186139460527195,0
259,8563-IIOXK,0.08646580586299651,0
260,7577-SWIFR,0.5525497496970607,1
261,0052-DCKON,0.1645677841683747,0
262,9786-IJYDL,0.21108041933835373,0
263,3621-CEOVK,0.5410828558027537,1
264,9603-OAIHC,0.5652754105861486,1
265,5327-CNLUQ,0.15944903756024625,0
266,5172-RKOCB,0.17006698415615668,0
267,4334-HOWRP,0.05740677389533893,0
268,2673-CXQEU,0.2141320818529023,0
269,3196-NVXLZ,0.5627633157344581,1
270,7361-YPXFS,0.2606645820230631,0
271,6979-TNDEU,0.2005575594076974,0
272,5304-EFJLP,0.1670153216416081,0
273,0428-AXXLJ,0.029792740349280998,0
274,7654-YWJUF,0.1241875808592127,0
275,5494-HECPR,0.5627633157344581,1
276,9552-TGUZV,0.5632547132575022,1
277,5825-XJOCM,0.05740677389533893,0
278,4957-SREEC,0.024067983689154606,0
279,4255-DDUOU,0.19271550933989942,0
280,5022-JNQEQ,0.5618254810650878,1
281,5973-EJGDP,0.5548740915491231,1
282,4487-ZYJZK,0.029792740349280998,0
283,9019-QVLZD,0.5627633157344581,1
284,3085-QUOZK,0.33189019862545516,0
285,3530-VWVGU,0.20091662567205174,0
286,1042-HFUCW,0.0660500665494155,0
287,8819-IMISP,0.5627633157344581,1
288,1919-RTPQD,0.33189019862545516,0
289,5456-ITGIC,0.05740677389533893,0
290,9625-QNLUX,0.17244751047435322,0
291,6087-MVHJH,0.5535769481712927,1
292,7966-YOTQW,0.2832139597389976,0
293,6490-FGZAT,0.19271550933989942,0
294,2137-DQMEV,0.08502007774347282,0
295,8642-GVWRF,0.45868296910367945,0
296,5167-GBFRE,0.2868511322355362,0
297,1724-BQUHA,0.5525497496970607,1
298,8387-MOJJT,0.45774513443430914,0
299,8080-POTJR,0.0590451129819879,0
300,1987-AUELQ,0.02349147779440536,0
301,3274-NSDWE,0.029792740349280998,0
302,2045-BMBTJ,0.2720943185287557,0
303,7596-LDUXP,0.1241875808592127,0
304,5919-TMRGD,0.5627633157344581,1
305,8429-XIBUM,0.4394124541575875,0
306,2282-YGNOR,0.05936425134356627,0
307,7873-CVMAW,0.057763402991383446,0
308,1000-AJSLD,0.20091662567205174,0
309,7351-KYHQH,0.3076590196809476,0
310,0506-LVNGN,0.45774513443430914,0
311,7252-NTGSS,0.33189019862545516,0
312,8100-PNJMH,0.057763402991383446,0
313,7852-LECYP,0.44227598102245225,0
314,2645-QTLMB,0.5463858761075644,1
315,9504-DSHWM,0.2720943185287557,0
316,1686-STUHN,0.030312394599126644,0
317,9541-PWTWO,0.0590451129819879,0
318,7916-VCCPB,0.4624007207899223,0
319,7579-KKLOE,0.07926466408456542,0
320,2371-KFUOG,0.166334912437177,0
321,4114-QMKVN,0.05685760434726527,0
322,7314-OXENN,0.5627633157344581,1
323,6349-JDHQP,0.030312394599126644,0
324,0374-AACSZ,0.33189019862545516,0
325,7851-FLGGQ,0.33189019862545516,0
326,2452-SNHFZ,0.45774513443430914,0
327,0439-IFYUN,0.5632547132575022,1
328,8980-WQFWL,0.3125198393460827,0
329,2324-AALNO,0.023116242817315412,0
330,0356-ERHVT,0.2853705711014913,0
331,1684-FLBGS,0.26817683975990775,0
332,2270-CHBFN,0.4447300895416684,0
333,7890-VYYWG,0.33189019862545516,0
334,2860-RANUS,0.45553850069246216,0
335,9068-VPWQQ,0.0590451129819879,0
336,6506-EYCNH,0.18199181535256684,0
337,7903-CMPEY,0.5627633157344581,1
338,5213-TWWJU,0.5463858761075644,1
339,4291-HPAXL,0.20091662567205174,0
340,4983-CLMLV,0.43803033738838215,0
341,2718-GAXQD,0.33189019862545516,0
342,2958-NHPPS,0.20615308578391772,0
343,5380-WJKOV,0.5134017461248439,1
344,2018-PZKMU,0.5284611676738791,1
345,2535-PBCGC,0.05740677389533893,0
346,3043-TYBNO,0.3125198393460827,0
347,2796-NNUFI,0.03219486901762237,0
348,7318-EIVKO,0.3186139460527195,0
349,4317-VTEOA,0.33189019862545516,0
350,8979-CAMGB,0.22959110688012097,0
351,1840-BIUOG,0.07410770550968007,0
352,1208-NBVFH,0.33189019862545516,0
353,7854-EKTJL,0.20230727042552835,0
354,1834-ABKHQ,0.06573879808751942,0
355,6284-AHOOQ,0.44227598102245225,0
356,7469-LKBCI,0.03105982209988586,0
357,5088-QZLRL,0.19271550933989942,0
358,3034-ZBEQN,0.08408468831102656,0
359,2911-WDXMV,0.46043816091356293,0
360,2972-YDYUW,0.20564434630109307,0
361,2830-LEWOA,0.17087647094412045,0
362,1216-BGTSP,0.4055598040852128,0
363,1428-IEDPR,0.2141320818529023,0
364,5896-NPFWW,0.33189019862545516,0
365,6082-GLJIX,0.20204610902601797,0
366,1371-OJCEK,0.023116242817315412,0
367,0940-OUQEC,0.46043816091356293,0
368,5949-EBSQK,0.26600021182211897,0
369,5049-GLYVG,0.19271550933989942,0
370,0786-VSSUD,0.33189019862545516,0
371,6917-YACBP,0.5483925875169604,1
372,4003-OCTMP,0.07645198044224309,0
373,4559-UWIHT,0.5627633157344581,1
374,0684-AOSIH,0.5454368020334903,1
375,9178-JHUVJ,0.023116242817315412,0
376,1813-JYWTO,0.1241875808592127,0
377,7978-DKUQH,0.5632547132575022,1
378,3877-JRJIP,0.3186139460527195,0
379,9691-HKOVS,0.07926466408456542,0
380,8058-JMEQO,0.5627633157344581,1
381,6240-EURKS,0.33189019862545516,0
382,4860-YZGZM,0.20091662567205174,0
383,8361-LBRDI,0.023116242817315412,0
384,6749-UTDVX,0.21736213167636179,0
385,1154-HYWWO,0.08036558626972083,0
386,5397-NSKQG,0.06573879808751942,0
387,1843-TLSGD,0.03218238289611679,0
388,2869-ADAWR,0.4443247014946526,0
389,3074-GQWYX,0.45774513443430914,0
390,1629-DQQVB,0.2853705711014913,0
391,3079-BCHLN,0.028251006009443726,0
392,9819-FBNSV,0.4624007207899223,0
393,1357-MVDOZ,0.2720943185287557,0
394,1194-HVAIF,0.4447300895416684,0
395,9619-GSATL,0.08462046296239886,0
396,2057-BOYKM,0.15944903756024625,0
397,7599-FKVXZ,0.42770442420691873,0
398,5146-YYFRZ,0.028251006009443726,0
399,3410-YOQBQ,0.07978480952856222,0
400,9367-TCUYN,0.20091662567205174,0
401,5647-FXOTP,0.5172441625423487,1
402,9337-SRRNI,0.023888207848692097,0
403,2826-DXLQO,0.2853705711014913,0
404,5583-SXDAG,0.5652754105861486,1
405,0682-USIXD,0.5582937966862831,1
406,3181-VTHOE,0.06573879808751942,0
407,4806-KEXQR,0.5627633157344581,1
408,6906-ANDWJ,0.45917436662672356,0
409,0743-HNPFG,0.06068303258028937,0
410,6908-VVYHM,0.5463858761075644,1
411,1297-VQDRP,0.17006698415615668,0
412,2621-UDNLU,0.20615308578391772,0
413,8677-HDZEE,0.42770442420691873,0
414,3669-WHAFY,0.1645677841683747,0
415,6698-OXETB,0.027952313078642613,0
416,8348-JLBUG,0.1241875808592127,0
417,1471-GIQKQ,0.33189019862545516,0
418,5336-UFNZP,0.2141320818529023,0
419,0285-INHLN,0.2832139597389976,0
420,7814-LEEVE,0.17418981644952072,0
421,3143-ILDAL,0.5463858761075644,1
422,7587-AOVVU,0.5401191666494095,1
423,4203-QGNZA,0.19568960042424988,0
424,9470-XCCEM,0.4443247014946526,0
425,7241-AJHFS,0.44664904334671496,0
426,3347-YJZZE,0.2677147515270483,0
427,0098-BOWSO,0.20513701811692706,0
428,0455-XFASS,0.5666354148763829,1
429,1035-IPQPU,0.5261013177676876,1
430,8779-YIQQA,0.034256257607305274,0
431,7710-JSYOA,0.1284629595318164,0
432,0459-SPZHJ,0.05842683341209542,0
433,7781-EWARA,0.07793464775654962,0
434,2876-VBBBL,0.19568960042424988,0
435,5897-ZYEKH,0.21590706938545196,0
436,9114-DPSIA,0.0590451129819879,0
437,7270-BDIOA,0.5483925875169604,1
438,2890-WFBHU,0.0590451129819879,0
439,8374-UULRV,0.057763402991383446,0
440,5512-IDZEI,0.028663706914797814,0
441,9237-HQITU,0.5632547132575022,1
442,8118-TJAFG,0.5401191666494095,1
443,7096-ZNBZI,0.022993011342141885,0
444,4883-QICIH,0.46578142240880305,0
445,3407-JMJQQ,0.17006698415615668,0
446,0187-WZNAB,0.5632547132575022,1
447,1343-EHPYB,0.5284611676738791,1
448,8348-HFYIV,0.33189019862545516,0
449,8128-YVJRG,0.5627633157344581,1
450,2239-JALAW,0.17244751047435322,0
451,1725-MIMXW,0.20230727042552835,0
452,7750-EYXWZ,0.0757421873964256,0
453,9447-YPTBX,0.030312394599126644,0
454,9565-JSNFM,0.12884316721482583,0
455,6862-CQUMB,0.4447300895416684,0
456,4895-TMWIR,0.20091662567205174,0
457,4514-GFCFI,0.5627633157344581,1
458,4198-VFOEA,0.08408468831102656,0
459,1335-HQMKX,0.22905573596459725,0
460,1928-BXYIV,0.3125198393460827,0
461,9318-NKNFC,0.2005575594076974,0
462,8083-YTZES,0.5632547132575022,1
463,5570-PTWEH,0.45917436662672356,0
464,5110-CHOPY,0.08462046296239886,0
465,6953-PBDIN,0.0590451129819879,0
466,5804-HYIEZ,0.5172441625423487,1
467,9758-MFWGD,0.0655142918980432,0
468,6379-RXJRQ,0.5652754105861486,1
469,2275-RBYQS,0.33189019862545516,0
470,7493-GVFIO,0.02441867326803211,0
471,8625-AZYZY,0.5172441625423487,1
472,9586-JGQKH,0.16942140865321062,0
473,2843-CQMEG,0.33189019862545516,0
474,6980-CDGFC,0.02682520885374243,0
475,1469-LBJQJ,0.5172441625423487,1
476,6993-YCOBK,0.2141320818529023,0
477,2988-PLAHS,0.08142272912686367,0
478,6870-ZWMNX,0.0590451129819879,0
479,7562-UXTPG,0.5652754105861486,1
480,6048-NJXHX,0.034256257607305274,0
481,5370-IIVVL,0.16942140865321062,0
482,5515-RUGKN,0.2832139597389976,0
483,0306-JAELE,0.5454368020334903,1
484,8465-SBRXP,0.15367766915351813,0
485,1744-JHKYS,0.2144841899661659,0
486,3227-WLKLI,0.0585249675379911,0
487,7931-PXHFC,0.07615808601393712,0
488,0871-OPBXW,0.20091662567205174,0
489,2662-NNTDK,0.024052240540988267,0
490,1465-VINDH,0.43803033738838215,0
491,1699-TLDLZ,0.03373660335745963,0
492,7330-WZLNC,0.5463858761075644,1
493,8550-XSXUQ,0.0596258897231465,0
494,5482-PLVPE,0.3240662656786635,0
495,4763-PGDPO,0.5632547132575022,1
496,3374-TTZTK,0.21737908143407675,0
497,8003-EWNDZ,0.20474600103096413,0
498,2432-TFSMK,0.12436457738945746,0
499,7695-PKLCZ,0.02441867326803211,0
500,6772-KSATR,0.5627633157344581,1
501,4622-YNKIJ,0.18684121497878273,0
502,3082-WQRVY,0.03373660335745963,0
503,7112-OPOTK,0.5266358635355549,1
504,5569-KGJHX,0.46043816091356293,0
505,7245-JMTTQ,0.21252694541630515,0
506,1023-BQXZE,0.0590451129819879,0
507,8631-NBHFZ,0.0590451129819879,0
508,5382-SOYZL,0.5454368020334903,1
509,1809-DMJHQ,0.33189019862545516,0
510,7305-ZWMAJ,0.02441867326803211,0
511,8241-JUIQO,0.029792740349280998,0
512,6297-NOOPG,0.2141320818529023,0
513,2829-HYVZP,0.034256257607305274,0
514,5119-NZPTV,0.5652754105861486,1
515,7994-UYIVZ,0.45726767933643897,0
516,6728-DKUCO,0.21590706938545196,0
517,5228-EXCET,0.5627633157344581,1
518,4322-RCYMT,0.0590451129819879,0
519,0983-TATYJ,0.0843091945005028,0
520,4811-JBUVU,0.44220269243184823,0
521,7607-QKKTJ,0.15367766915351813,0
522,7136-IHZJA,0.3191784318457922,0
523,2296-DKZFP,0.0596258897231465,0
524,6145-NNPNO,0.2853705711014913,0
525,6586-MYGKD,0.0590451129819879,0
526,3001-CBHLQ,0.5172441625423487,1
527,2075-RMJIK,0.33189019862545516,0
528,8573-CGOCC,0.18060117059909023,0
529,8332-OSJDW,0.027604477715951425,0
530,7410-OIEDU,0.5627633157344581,1
531,2144-BFDSO,0.4055598040852128,0
532,2257-BOVXD,0.2606645820230631,0
533,7901-HXJVA,0.5618254810650878,1
534,0103-CSITQ,0.17006698415615668,0
535,6705-LNMDD,0.33189019862545516,0
536,2550-AEVRU,0.08462046296239886,0
537,9553-DLCLU,0.057763402991383446,0
538,6214-EDAKZ,0.3297335872629613,0
539,7524-VRLPL,0.0590451129819879,0
540,4097-YODCF,0.21736213167636179,0
541,4369-HTUIF,0.46043816091356293,0
542,1169-WCVAK,0.4443247014946526,0
543,8314-HTWVE,0.034256257607305274,0
544,0480-BIXDE,0.5454368020334903,1
545,0310-VQXAM,0.20091662567205174,0
546,4186-ZBUEW,0.08036558626972083,0
547,0898-XCGTF,0.15944903756024625,0
548,4274-OWWYO,0.5632547132575022,1
549,7409-KIUTL,0.5632547132575022,1
550,5566-SOEZD,0.1241875808592127,0
551,9350-VLHMB,0.4443247014946526,0
552,1833-VGRUM,0.5632547132575022,1
553,0921-OHLVP,0.5627633157344581,1
554,6992-TKNYO,0.060683295482200666,0
555,0925-VYDLG,0.5632547132575022,1
556,3088-FVYWK,0.023888207848692097,0
557,3522-CDKHF,0.45774513443430914,0
558,6353-BRMMA,0.42770442420691873,0
559,7571-YXDAD,0.45917436662672356,0
560,6030-REHUX,0.49267897938514693,0
561,3359-DSRKA,0.034256257607305274,0
562,8760-ZRHKE,0.08142299202877497,0
563,8800-JOOCF,0.5627633157344581,1
564,5457-COLHT,0.0590451129819879,0
565,1448-CYWKC,0.16942140865321062,0
566,7672-VFMXZ,0.3297335872629613,0
567,1522-VVDMG,0.5483925875169604,1
568,4223-BKEOR,0.07645198044224309,0
569,5433-KYGHE,0.5582937966862831,1
570,3580-HYCSP,0.17006698415615668,0
571,2882-WDTBA,0.0590451129819879,0
572,1298-PHBTI,0.18076432506702506,0
573,2237-ZFSMY,0.22428601168971288,0
574,8647-SDTWQ,0.5632547132575022,1
575,1557-EMYVT,0.1645677841683747,0
576,7590-VHVEG,0.33189019862545516,0
577,9825-YCXWZ,0.172035909671666,0
578,1702-CCFNJ,0.26600021182211897,0
579,4112-LUEIZ,0.5525497496970607,1
580,8570-KLJYJ,0.08462046296239886,0
581,4132-POCZS,0.33189019862545516,0
582,5393-HJZSM,0.2650217250477945,0
583,2388-LAESQ,0.1645677841683747,0
584,1320-REHCS,0.49267897938514693,0
585,2550-QHZGP,0.03373660335745963,0
586,3315-IKYZQ,0.08646580586299651,0
587,7801-KICAO,0.5632547132575022,1
588,8399-YNDCH,0.2720943185287557,0
589,3441-CGZJH,0.05936425134356627,0
590,3926-CUQZX,0.2853705711014913,0
591,0056-EPFBG,0.0655142918980432,0
592,5716-EZXZN,0.166334912437177,0
593,2260-USTRB,0.4624007207899223,0
594,6203-HBZPA,0.05740677389533893,0
595,5499-ECUTN,0.05740677389533893,0
596,6464-KEXXH,0.2868511322355362,0
597,7780-OTDSO,0.5454368020334903,1
598,1976-CFOCS,0.33189019862545516,0
599,8577-QSOCG,0.03329027995876834,0
600,3545-CNWRG,0.5454368020334903,1
601,5871-DGTXZ,0.034256257607305274,0
602,9046-JBFWA,0.2005575594076974,0
603,2878-RMWXY,0.1719384719914875,0
604,8944-AILEF,0.18199181535256684,0
605,4905-JEFDW,0.08408468831102656,0
606,8441-SHIPE,0.023888207848692097,0
607,2642-MAWLJ,0.024682406986563453,0
608,3680-CTHUH,0.1645677841683747,0
609,8982-NHAVY,0.17027678348598044,0
610,7951-QKZPL,0.027727709191124945,0
611,2931-FSOHN,0.3186139460527195,0
612,3244-CQPHU,0.17006698415615668,0
613,1254-IZEYF,0.5454368020334903,1
614,4989-LIXVT,0.5454368020334903,1
615,8806-EAGWC,0.3297335872629613,0
616,6447-GORXK,0.2868511322355362,0
617,5777-ZPQNC,0.03219486901762237,0
618,7233-PAHHL,0.07916652995866977,0
619,9359-UGBTK,0.0596258897231465,0
620,3261-CQXOL,0.023888207848692097,0
621,2995-UPRYS,0.166334912437177,0
622,9565-DJPIB,0.5505145965797648,1
623,7527-QNRUS,0.028102944168214905,0
624,8735-NBLWT,0.1923648197610219,0
625,3518-PZXZQ,0.3297335872629613,0
626,4208-UFFGW,0.33189019862545516,0
627,0637-UBJRP,0.5627633157344581,1
628,0422-UXFAP,0.22511386491579383,0
629,6242-MBHPK,0.5454368020334903,1
630,2192-OZITF,0.07978480952856222,0
631,7037-MTYVW,0.05842683341209542,0
632,2400-XIWIO,0.07926466408456542,0
633,6178-KFNHS,0.5618254810650878,1
634,2061-VVFST,0.18199181535256684,0
635,8237-ULIXL,0.024052240540988267,0
636,6603-QWSPR,0.16942140865321062,0
637,4664-NJCMS,0.05936425134356627,0
638,8873-GLDMH,0.5632547132575022,1
639,2187-PKZAY,0.46043816091356293,0
640,0531-ZZJWQ,0.5632547132575022,1
641,7519-JTWQH,0.17006698415615668,0
642,6348-SNFUS,0.0660500665494155,0
643,3387-VATUS,0.4447300895416684,0
644,4361-JEIVL,0.33189019862545516,0
645,6648-INWPS,0.20091662567205174,0
646,0691-NIKRI,0.1708934207018354,0
647,2565-JSLRY,0.2069226418576501,0
648,7975-JMZNT,0.0585249675379911,0
649,7218-HKQFK,0.5463858761075644,1
650,6631-HMANX,0.05842683341209542,0
651,0373-AIVNJ,0.08408468831102656,0
652,9701-CDXHR,0.5614800662695062,1
653,1930-QPBVZ,0.15367766915351813,0
654,9495-REDIY,0.0655142918980432,0
655,6075-SLNIL,0.4447300895416684,0
656,5844-QVTAT,0.07793464775654962,0
657,5382-TEMLV,0.2832139597389976,0
658,0958-YHXGP,0.5652754105861486,1
659,5451-YHYPW,0.1645677841683747,0
660,4760-XOHVN,0.20230727042552835,0
661,9101-BWFSS,0.2141320818529023,0
662,3938-YFPXD,0.05842683341209542,0
663,2725-KXXWT,0.5463858761075644,1
664,0572-ZJKLT,0.22511386491579383,0
665,0310-SUCIN,0.05842683341209542,0
666,7384-GHBPI,0.33189019862545516,0
667,1986-PHGZF,0.2720943185287557,0
668,5199-FPUSP,0.0655142918980432,0
669,1271-UODNO,0.0660500665494155,0
670,1575-KRZZE,0.3297335872629613,0
671,0222-CNVPT,0.2853705711014913,0
672,9305-CDSKC,0.5454368020334903,1
673,1157-BQCUW,0.5632547132575022,1
674,3757-NJYBX,0.42386200778941396,0
675,5996-EBTKM,0.06068303258028937,0
676,0058-EVZWM,0.44220269243184823,0
677,1265-ZFOSD,0.07978480952856222,0
678,3099-OONVS,0.3297335872629613,0
679,6173-ITPWD,0.46043816091356293,0
680,8092-NLTGF,0.024052240540988267,0
681,9506-UXUSK,0.5652754105861486,1
682,5386-THSLQ,0.06644968133048944,0
683,4381-MHQDC,0.07645198044224309,0
684,1980-KXVPM,0.45917436662672356,0
685,7156-MXBJE,0.05842683341209542,0
686,6518-LGAOV,0.5172441625423487,1
687,3376-BMGFE,0.4624007207899223,0
688,0945-TSONX,0.05842683341209542,0
689,1794-SWWKL,0.2720943185287557,0
690,6894-LFHLY,0.5618254810650878,1
691,9190-MFJLN,0.4447300895416684,0
692,5837-LXSDN,0.05936425134356627,0
693,6289-CPNLD,0.07978480952856222,0
694,1930-WNXSB,0.5463858761075644,1
695,2235-ZGKPT,0.3297335872629613,0
696,8033-VCZGH,0.21736213167636179,0
697,6656-JWRQX,0.33189019862545516,0
698,0975-VOOVL,0.32963944831722164,0
699,8064-RAVOH,0.33189019862545516,0
700,2703-AMTUL,0.08462046296239886,0
701,2791-SFVEW,0.1798526961521032,0
702,3774-VBNXY,0.03329027995876834,0
703,2107-FBPTK,0.5172441625423487,1
704,0594-UFTUL,0.20091662567205174,0
705,7421-ZLUPA,0.32963944831722164,0
706,0428-IKYCP,0.4493636295927812,0
707,6374-NTQLP,0.16942140865321062,0
708,0536-ACXIP,0.2141320818529023,0
709,7025-IWFHT,0.18480606186148685,0
710,7808-DVWEP,0.18060117059909023,0
711,5879-SESNB,0.5632547132575022,1
712,6022-KOUQO,0.2867116109747928,0
713,3482-ABPKK,0.08462046296239886,0
714,7246-ZGQDF,0.3297335872629613,0
715,2115-BFTIW,0.5632547132575022,1
716,2632-IVXVF,0.1670153216416081,0
717,0526-SXDJP,0.06591067667727293,0
718,7250-EQKIY,0.33189019862545516,0
719,3571-RFHAR,0.49267897938514693,0
720,1832-PEUTS,0.12436457738945746,0
721,0612-RTZZA,0.3299661984422226,0
722,0141-YEAYS,0.4519467228345465,0
723,3709-OIJEA,0.18076432506702506,0
724,4837-QUSFT,0.17027678348598044,0
725,0519-XUZJU,0.5632547132575022,1
726,3235-ETOOB,0.5632547132575022,1
727,3878-AVSOQ,0.5632547132575022,1
728,1430-SFQSA,0.08408468831102656,0
729,3039-MJSLN,0.18094810709324918,0
730,7296-PIXQY,0.5632547132575022,1
731,5919-VCZYM,0.20091662567205174,0
732,1015-JPFYW,0.03373660335745963,0
733,7743-EXURX,0.3297335872629613,0
734,7048-GXDAY,0.5134017461248439,1
735,0969-RGKCU,0.030312394599126644,0
736,7861-UVUFT,0.5627633157344581,1
737,6168-WFVVF,0.5632547132575022,1
738,5792-JALQC,0.05936425134356627,0
739,2072-ZVJJX,0.02349147779440536,0
740,8884-FEEWR,0.02441867326803211,0
741,1456-TWCGB,0.33189019862545516,0
742,9979-RGMZT,0.2040888692011883,0
743,8535-SFUTN,0.5134017461248439,1
744,7337-CINUD,0.029792740349280998,0
745,2951-QOQTK,0.46043816091356293,0
746,2717-HVIZY,0.20091662567205174,0
747,9546-KDTRB,0.19017563838711365,0
748,1335-MXCSE,0.0660500665494155,0
749,0999-QXNSA,0.33189019862545516,0
750,8337-UPOAQ,0.5483925875169604,1
751,5668-MEISB,0.1708934207018354,0
752,1195-OIYEJ,0.5463858761075644,1
753,7876-DNYAP,0.030312394599126644,0
754,6339-DKLMK,0.33189019862545516,0
755,1371-WEPDS,0.08462046296239886,0
756,0330-BGYZE,0.1719384719914875,0
757,1563-IWQEX,0.20230727042552835,0
758,3834-XUIFC,0.5627633157344581,1
759,7881-INRLC,0.4394124541575875,0
760,3620-EHIMZ,0.03500368510806449,0
761,6131-FOYAS,0.3186139460527195,0
762,4471-KXAUH,0.5627633157344581,1
763,8111-SLLHI,0.5172441625423487,1
764,8714-EUHJO,0.5463858761075644,1
765,8313-AFGBW,0.07978480952856222,0
766,0840-DFEZH,0.5618254810650878,1
767,1336-EZFZY,0.20091662567205174,0
768,4979-HPRFL,0.023116242817315412,0
769,4390-KYULV,0.1724595878856286,0
770,0689-NKYLF,0.5627633157344581,1
771,8552-OBVRU,0.5172441625423487,1
772,4994-OBRSZ,0.0590451129819879,0
773,0743-HRVFF,0.08270291244567567,0
774,8388-FYNPZ,0.32120242402895405,0
775,8937-RDTHP,0.5627633157344581,1
776,8915-NNTRC,0.17006698415615668,0
777,5702-SKUOB,0.20230727042552835,0
778,0771-CHWSK,0.0590451129819879,0
779,3721-CNZHX,0.034256257607305274,0
780,1478-VPOAD,0.33189019862545516,0
781,6103-BOCOU,0.5627633157344581,1
782,3995-WFCSM,0.3125198393460827,0
783,6847-KJLTS,0.4394124541575875,0
784,9258-CNWAC,0.1645677841683747,0
785,9692-TUSXH,0.5454368020334903,1
786,8328-SKJNO,0.0655142918980432,0
787,3722-WPXTK,0.5548740915491231,1
788,3439-GVUSX,0.3240662656786635,0
789,3546-GHEAE,0.03373660335745963,0
790,4026-SKKHW,0.33189019862545516,0
791,9602-WCXPI,0.027502531562456686,0
792,8639-NHQEI,0.15810515261076036,0
793,1455-UGQVH,0.5454368020334903,1
794,4484-CGXFK,0.3297335872629613,0
795,6646-QVXLR,0.21736213167636179,0
796,5832-XKAES,0.46442141811856863,0
797,8687-BAFGU,0.5632547132575022,1
798,5995-OIGLP,0.32120242402895405,0
799,0013-MHZWF,0.2662215103847311,0
800,1960-UOTYM,0.07978480952856222,0
801,7123-WQUHX,0.15367766915351813,0
802,1309-BXVOQ,0.5172441625423487,1
803,2203-GHNWN,0.5627633157344581,1
804,7602-MVRMB,0.17006698415615668,0
805,4800-VHZKI,0.20091662567205174,0
806,7047-YXDMZ,0.20091662567205174,0
807,2111-DWYHN,0.20474600103096413,0
808,9921-EZKBY,0.4447300895416684,0
809,7898-PDWQE,0.0590451129819879,0
810,3808-HFKDE,0.33189019862545516,0
811,8868-WOZGU,0.5172441625423487,1
812,0585-EGDDA,0.5627633157344581,1
813,8058-DMYRU,0.5483925875169604,1
814,5696-QURRL,0.33189019862545516,0
815,7319-VENRZ,0.2606645820230631,0
816,0644-OQMDK,0.5632547132575022,1
817,6519-CFDBX,0.33189019862545516,0
818,3967-KXAPS,0.061571448281683,0
819,3393-FMZPV,0.5410828558027537,1
820,1891-FZYSA,0.5483925875169604,1
821,9769-TSBZE,0.07645198044224309,0
822,9592-ERDKV,0.07978480952856222,0
823,8204-TIFGJ,0.17418981644952072,0
824,9609-BENEA,0.08142299202877497,0
825,5141-ZUVBH,0.44227598102245225,0
826,3703-KBKZP,0.45917436662672356,0
827,2754-VDLTR,0.5454368020334903,1
828,5693-PIPCS,0.166334912437177,0
829,3070-FNFZQ,0.024067983689154606,0
830,4891-NLUBA,0.05717179098344223,0
831,5756-OZRIO,0.05740677389533893,0
832,6734-JDTTV,0.030312394599126644,0
833,8705-WZCYL,0.33189019862545516,0
834,8671-KKKOS,0.33189019862545516,0
835,4660-IRIBM,0.5548740915491231,1
836,6087-YPWHO,0.07410770550968007,0
837,1872-EBWSC,0.027952313078642613,0
838,2108-YKQTY,0.2853705711014913,0
839,8701-DGLVH,0.027952313078642613,0
840,0082-OQIQY,0.5463858761075644,1
841,6627-CFOSN,0.4447300895416684,0
842,5299-RULOA,0.5410828558027537,1
843,3537-RYBHH,0.2606645820230631,0
844,9833-TGFHX,0.22024089890775797,0
845,8033-ATFAS,0.3186139460527195,0
846,4236-XPXAV,0.5454368020334903,1
847,3003-CMDUU,0.5454368020334903,1
848,2091-MJTFX,0.2832139597389976,0
849,1676-MQAOA,0.0590451129819879,0
850,1552-AAGRX,0.42386200778941396,0
851,2485-ITVKB,0.33189019862545516,0
852,5392-AKEMH,0.33189019862545516,0
853,6198-RTPMF,0.5463858761075644,1
854,0295-QVKPB,0.2606645820230631,0
855,7694-VLBWQ,0.21590706938545196,0
856,2371-JQHZZ,0.5463858761075644,1
857,1136-XGEQU,0.05842683341209542,0
858,3870-MQAMG,0.2141320818529023,0
859,3793-MMFUH,0.5454368020334903,1
860,1422-DGUBX,0.18076432506702506,0
861,3794-NFNCH,0.33189019862545516,0
862,5474-LAMUQ,0.03219486901762237,0
863,0402-OAMEN,0.023116242817315412,0
864,2267-WTPYD,0.44227598102245225,0
865,5346-BZCHP,0.03809459419897358,0
866,3473-XIIIT,0.5454368020334903,1
867,4526-ZJJTM,0.4453518999688846,0
868,0930-EHUZA,0.07978480952856222,0
869,9415-TPKRV,0.3297335872629613,0
870,0390-DCFDQ,0.5632547132575022,1
871,5701-SVCWR,0.2069226418576501,0
872,9025-ZRPVR,0.2005575594076974,0
873,0083-PIVIK,0.07978480952856222,0
874,2143-LJULT,0.02349147779440536,0
875,9138-EFSMO,0.1241875808592127,0
876,4776-XSKYQ,0.0655142918980432,0
877,1399-OUPJN,0.030312394599126644,0
878,5788-YPOEG,0.07916652995866977,0
879,5052-PNLOS,0.42770442420691873,0
880,7139-JZFVG,0.05717179098344223,0
881,1031-IIDEO,0.5632547132575022,1
882,4335-UPJSI,0.034256257607305274,0
883,5480-XTFFL,0.03218238289611679,0
884,5777-KJIRB,0.08646580586299651,0
885,2506-TNFCO,0.5666354148763829,1
886,4013-TLDHQ,0.5618254810650878,1
887,0929-HYQEW,0.33189019862545516,0
888,2585-KTFRE,0.26560250178895306,0
889,6374-AFWOX,0.07645198044224309,0
890,7629-WFGLW,0.22024089890775797,0
891,1219-NNDDO,0.5618254810650878,1
892,4312-GVYNH,0.06789540945001314,0
893,8943-URTMR,0.5627633157344581,1
894,6173-GOLSU,0.44344270786719003,0
895,5243-SAOTC,0.45868296910367945,0
896,2330-PQGDQ,0.1241875808592127,0
897,8727-XDPUD,0.0655142918980432,0
898,2675-DHUTR,0.5454368020334903,1
899,0674-DGMAQ,0.5463858761075644,1
900,1493-AMTIE,0.18094810709324918,0
901,2369-UAPKZ,0.5172441625423487,1
902,2252-NKNSI,0.07916652995866977,0
903,8565-WUXZU,0.1241875808592127,0
904,9658-WYUFB,0.5463858761075644,1
905,5986-WWXDV,0.03105982209988586,0
906,8204-YJCLA,0.05740677389533893,0
907,4452-QIIEB,0.33189019862545516,0
908,5366-IJEQJ,0.5525497496970607,1
909,6248-BSHKG,0.027952313078642613,0
910,3078-ZKNTS,0.030312394599126644,0
911,6005-OBZPH,0.5525497496970607,1
912,3655-SNQYZ,0.1670153216416081,0
913,7516-GMHUV,0.16942140865321062,0
914,1543-LLLFT,0.23749843119831401,0
915,6925-BAYGL,0.02349147779440536,0
916,3815-SLMEF,0.33189019862545516,0
917,6253-WRFHY,0.07645198044224309,0
918,0587-DMGBH,0.33189019862545516,0
919,3129-AAQOU,0.028499674222501645,0
920,6922-NCEDI,0.029238904635247222,0
921,6551-GNYDG,0.46043816091356293,0
922,0880-FVFWF,0.5582937966862831,1
923,6668-CNMFP,0.12436457738945746,0
924,3549-ZTMNH,0.023116242817315412,0
925,2200-DSAAL,0.07978480952856222,0
926,0454-OKRCT,0.1241875808592127,0
927,6437-UDQJM,0.05842683341209542,0
928,8807-OPMBM,0.023888207848692097,0
929,8242-PDSGJ,0.0655142918980432,0
930,0325-XBFAC,0.5454368020334903,1
931,6959-UWKHF,0.33189019862545516,0
932,0771-WLCLA,0.49107384294854983,0
933,7266-GSSJX,0.1923648197610219,0
934,0581-MDMPW,0.4443247014946526,0
935,1600-DILPE,0.2853705711014913,0
936,8992-VONJD,0.32813235738270236,0
937,2070-FNEXE,0.45774513443430914,0
938,3082-YVEKW,0.0590451129819879,0
939,6910-HADCM,0.5618254810650878,1
940,9903-LYSAB,0.5632547132575022,1
941,6339-YPSAH,0.5632547132575022,1
942,1552-TKMXS,0.17210889830675108,0
943,7733-UDMTP,0.3297335872629613,0
944,8957-THMOA,0.027502531562456686,0
945,0723-FDLAY,0.05842683341209542,0
946,4282-ACRXS,0.3299661984422226,0
947,4007-NHVHI,0.5454368020334903,1
948,1624-NALOJ,0.5483925875169604,1
949,2189-UXTKY,0.31953548977400403,0
950,4826-XTSOH,0.5582937966862831,1
951,2013-SGDXK,0.5627633157344581,1
952,4694-PHWFW,0.20091662567205174,0
953,4854-CIDCF,0.5632547132575022,1
954,5375-XLDOF,0.1645677841683747,0
955,0799-DDIHE,0.33189019862545516,0
956,9494-MRNYX,0.5632547132575022,1
957,1963-SVUCV,0.33189019862545516,0
958,7029-RPUAV,0.4394124541575875,0
959,8601-QACRS,0.33189019862545516,0
960,8619-IJNDK,0.05740677389533893,0
961,1965-DDBWU,0.4443247014946526,0
962,9637-EIHEQ,0.33189019862545516,0
963,4088-YLDSU,0.21590706938545196,0
964,3896-ZVNET,0.027727709191124945,0
965,9919-YLNNG,0.42915948649782854,0
966,5060-TQUQN,0.46043816091356293,0
967,3882-IYOIJ,0.1645677841683747,0
968,9633-DENPU,0.2720943185287557,0
969,4735-ASGMA,0.5454368020334903,1
970,4682-BLBUC,0.08036558626972083,0
971,9200-NLNPD,0.0660500665494155,0
972,2293-IJWPS,0.172035909671666,0
973,8169-SAEJD,0.0641325160326923,0
974,7009-LGECI,0.2853705711014913,0
975,8942-DBMHZ,0.1923648197610219,0
976,5828-DWPIL,0.5525497496970607,1
977,5628-FCGYG,0.5627633157344581,1
978,5168-MQQCA,0.17006698415615668,0
979,6481-OGDOO,0.12307742146386474,0
980,3753-TSEMP,0.5548740915491231,1
981,3061-BCKYI,0.20091662567205174,0
982,6258-PVZWJ,0.0585249675379911,0
983,1177-XZBJL,0.05740677389533893,0
984,7284-ZZLOH,0.0660500665494155,0
985,1877-HKBQX,0.08462046296239886,0
986,0853-NWIFK,0.22905573596459725,0
987,2180-DXNEG,0.5454368020334903,1
988,1894-IGFSG,0.5525497496970607,1
989,6813-GZQCG,0.023116242817315412,0
990,2481-SBOYW,0.02349147779440536,0
991,8410-BGQXN,0.20513701811692706,0
992,6331-EWIEB,0.5627633157344581,1
993,2919-HBCJO,0.45774513443430914,0
994,6317-YPKDH,0.2853705711014913,0
995,4049-ZPALD,0.166334912437177,0
996,0505-SPOOW,0.030312394599126644,0
997,9092-GDZKO,0.18978257793712722,0
998,5989-PGKJB,0.5582937966862831,1
999,6599-GZWCM,0.18219355725943948,0
1000,6257-RJOHI,0.33189019862545516,0
1001,3398-ZOUAA,0.5587770323532371,1
1002,2259-OUUSZ,0.0655142918980432,0
1003,8818-XYFCQ,0.4447300895416684,0
1004,7928-VJYAB,0.5463858761075644,1
1005,1153-GNOLC,0.08408468831102656,0
1006,9822-OAOVB,0.3297335872629613,0
1007,4804-NCPET,0.03329027995876834,0
1008,2692-PFYTJ,0.21353036676959655,0
1009,1875-QIVME,0.5172441625423487,1
1010,1337-BOZWO,0.06644968133048944,0
1011,6248-TKCQV,0.0590451129819879,0
1012,0639-TSIQW,0.43803033738838215,0
1013,1370-GGAWX,0.20746056316332687,0
1014,7803-XOCCZ,0.46043816091356293,0
1015,9846-GKXAS,0.44227598102245225,0
1016,6994-ORCWG,0.08462046296239886,0
1017,4832-VRBMR,0.17244751047435322,0
1018,3813-DHBBB,0.06573879808751942,0
1019,9108-EJFJP,0.3297335872629613,0
1020,2371-JUNGC,0.19568960042424988,0
1021,0913-XWSCN,0.4594619278443066,0
1022,0404-AHASP,0.029792740349280998,0
1023,5605-IYGFG,0.46442141811856863,0
1024,6954-OOYZZ,0.2853705711014913,0
1025,1335-NTIUC,0.3299661984422226,0
1026,6972-SNKKW,0.20091662567205174,0
1027,4749-OJKQU,0.5618254810650878,1
1028,2397-BRLOM,0.46043816091356293,0
1029,1302-UHBDD,0.5483925875169604,1
1030,1891-QRQSA,0.1670153216416081,0
1031,0956-SYCWG,0.03373660335745963,0
1032,5006-MXVRN,0.02441867326803211,0
1033,0750-EBAIU,0.18143890593589415,0
1034,1984-FCOWB,0.2141320818529023,0
1035,3422-WJOYD,0.08462046296239886,0
1036,5397-TUPSH,0.12884316721482583,0
1037,9057-SIHCH,0.5454368020334903,1
1038,2573-GYRUU,0.44227598102245225,0
1039,2253-KPMNB,0.06644968133048944,0
1040,8630-QSGXK,0.0590451129819879,0
1041,6032-IGALN,0.3299661984422226,0
1042,7351-MHQVU,0.2832139597389976,0
1043,7277-OZCGZ,0.5525497496970607,1
1044,6124-ACRHJ,0.20091662567205174,0
1045,0947-IDHRQ,0.5627633157344581,1
1046,1626-ERCMM,0.5463858761075644,1
1047,1904-WAJAA,0.07645198044224309,0
1048,8621-MNIHH,0.5463858761075644,1
1049,4581-SSPWD,0.5618254810650878,1
1050,6212-ATMLK,0.5454368020334903,1
1051,4999-IEZLT,0.0655142918980432,0
1052,3694-DELSO,0.2853705711014913,0
1053,8854-CCVSQ,0.5627633157344581,1
1054,0883-EIBTI,0.20230727042552835,0
1055,9399-APLBT,0.5632547132575022,1
1056,4644-PIZRT,0.0596258897231465,0
1057,2665-NPTGL,0.4447300895416684,0
1058,7658-UYUQS,0.4519467228345465,0
1059,7663-RGWBC,0.33189019862545516,0
1060,9896-UYMIE,0.1645677841683747,0
1061,9137-NOQKA,0.2005575594076974,0
1062,8883-GRDWQ,0.08462046296239886,0
1063,0486-LGCCH,0.03373660335745963,0
1064,5447-WZAFP,0.22905573596459725,0
1065,3763-GCZHZ,0.21736213167636179,0
1066,3524-WQDSG,0.4447300895416684,0
1067,8259-DZLIZ,0.0660500665494155,0
1068,4751-ERMAN,0.0590451129819879,0
1069,8930-XOTDP,0.3297335872629613,0
1070,8984-HPEMB,0.29010409328480935,0
1071,5443-SCMKX,0.20976293604468282,0
1072,3935-TBRZZ,0.028499674222501645,0
1073,1084-MNSMJ,0.05842683341209542,0
1074,9948-YPTDG,0.5627633157344581,1
1075,9025-AOMKI,0.44227598102245225,0
1076,1431-AIDJQ,0.0590451129819879,0
1077,3644-QXEHN,0.5454368020334903,1
1078,7560-QRBXH,0.03219486901762237,0
1079,5849-ASHZJ,0.028251006009443726,0
1080,0447-BEMNG,0.2853705711014913,0
1081,2804-ETQDK,0.028303002657520112,0
1082,4957-TIALW,0.05740677389533893,0
1083,9030-QGZNL,0.03218238289611679,0
1084,8229-MYEJZ,0.3297335872629613,0
1085,4892-VLANZ,0.20091662567205174,0
1086,2314-TNDJQ,0.0660500665494155,0
1087,0282-NVSJS,0.32963944831722164,0
1088,9135-HSWOC,0.029792740349280998,0
1089,4195-PNGZS,0.023116242817315412,0
1090,7748-UMTRK,0.5401191666494095,1
1091,0197-PNKNK,0.1241875808592127,0
1092,8544-GOQSH,0.46043816091356293,0
1093,9585-KKMFD,0.03219486901762237,0
1094,3744-ZBHON,0.2020120366131977,0
1095,4950-BDEUX,0.33189019862545516,0
1096,0148-DCDOS,0.4447300895416684,0
1097,6376-GAHQE,0.5618254810650878,1
1098,8917-SZTTJ,0.029792740349280998,0
1099,1452-UZOSF,0.1708934207018354,0
1100,9938-PRCVK,0.029792740349280998,0
1101,8544-JNBOX,0.028303002657520112,0
1102,8263-JQAIK,0.32597721339108177,0
1103,8414-MYSHR,0.5463858761075644,1
1104,1319-YLZJG,0.5627633157344581,1
1105,4178-EGMON,0.12566172076728788,0
1106,1110-KYLGQ,0.4055598040852128,0
1107,7033-CLAMM,0.028597942503602657,0
1108,4530-NDRKU,0.03500368510806449,0
1109,3721-CNEYS,0.5632547132575022,1
1110,9880-TDQAC,0.07793464775654962,0
1111,5480-HPRRX,0.3299661984422226,0
1112,4106-HADHQ,0.0590451129819879,0
1113,1950-KSVVJ,0.21108041933835373,0
1114,2789-CZANW,0.17006698415615668,0
1115,2851-MMUTZ,0.32338221074184553,0
1116,1251-KRREG,0.3297335872629613,0
1117,3417-TSCIC,0.09450219970865974,0
1118,2272-JKMSI,0.2141320818529023,0
1119,9499-XPZXM,0.05740677389533893,0
1120,8710-YGLWG,0.33189019862545516,0
1121,6108-OQZDQ,0.5454368020334903,1
1122,7284-BUYEC,0.2832139597389976,0
1123,1143-NMNQJ,0.5617870826652019,1
1124,1958-RNRKS,0.33189019862545516,0
1125,4393-OBCRR,0.028566736376051467,0
1126,2674-MLXMN,0.4447300895416684,0
1127,2007-QVGAW,0.03105982209988586,0
1128,8879-ZKJOF,0.0590451129819879,0
1129,2866-IKBTM,0.20230727042552835,0
1130,7268-WNTCP,0.024067983689154606,0
1131,9058-HRZSV,0.5463858761075644,1
1132,6952-OMNWB,0.46043816091356293,0
1133,7839-QRKXN,0.2020120366131977,0
1134,7225-IILWY,0.028499674222501645,0
1135,4560-WQAQW,0.05685760434726527,0
1136,4566-GOLUK,0.4055598040852128,0
1137,4646-QZXTF,0.2677147515270483,0
1138,5161-UBZXI,0.17092453754417675,0
1139,1963-VAUKV,0.1923648197610219,0
1140,6967-PEJLL,0.08408468831102656,0
1141,9351-HXDMR,0.17006698415615668,0
1142,4250-FDVOU,0.32338221074184553,0
1143,4057-FKCZK,0.1241875808592127,0
1144,0675-NCDYU,0.1645677841683747,0
1145,6754-WKSHP,0.023888207848692097,0
1146,6313-GIDIT,0.3297335872629613,0
1147,2202-OUTMO,0.26600021182211897,0
1148,2817-NTQDO,0.2853705711014913,0
1149,6917-FIJHC,0.027604477715951425,0
1150,2190-BCXEC,0.45774513443430914,0
1151,6261-RCVNS,0.0590451129819879,0
1152,2027-FECZV,0.5113389115482753,1
1153,7190-XHTWJ,0.03500368510806449,0
1154,2105-PHWON,0.4447300895416684,0
1155,7175-NTIXE,0.2650217250477945,0
1156,9115-YQHGA,0.3297335872629613,0
1157,9522-ZSINC,0.03219486901762237,0
1158,1394-SUIUH,0.5627633157344581,1
1159,0302-JOIVN,0.5401191666494095,1
1160,7777-UNYHB,0.18060117059909023,0
1161,2219-MVUSO,0.33189019862545516,0
1162,9090-SGQXL,0.5172441625423487,1
1163,2916-BQZLN,0.5627633157344581,1
1164,7124-UGSUR,0.16942140865321062,0
1165,8660-BUETV,0.33189019862545516,0
1166,6794-HKIAJ,0.44227598102245225,0
1167,7064-FRRSW,0.22511386491579383,0
1168,7321-ZNSLA,0.08408468831102656,0
1169,7954-MLBUN,0.166334912437177,0
1170,4307-KWMXE,0.33189019862545516,0
1171,0186-CAERR,0.1645677841683747,0
1172,8155-IBNHG,0.45774513443430914,0
1173,5510-BOIUJ,0.20204610902601797,0
1174,4223-WOZCM,0.33189019862545516,0
1175,1293-HHSHJ,0.029238904635247222,0
1176,2172-EJXVF,0.21590706938545196,0
1177,9796-BPKIW,0.46442141811856863,0
1178,4749-VFKVB,0.33189019862545516,0
1179,8167-GJLRN,0.33189019862545516,0
1180,9300-AGZNL,0.5463858761075644,1
1181,0895-UADGO,0.08502007774347282,0
1182,6372-RFVNS,0.5618254810650878,1
1183,3812-LRZIR,0.027727709191124945,0
1184,9207-ZPANB,0.07645198044224309,0
1185,0665-XHDJU,0.22511386491579383,0
1186,6907-FLBER,0.3297335872629613,0
1187,5442-XSDCW,0.45868296910367945,0
1188,0731-EBJQB,0.027952313078642613,0
1189,2001-EWBQU,0.21590706938545196,0
1190,6048-UWKAL,0.16942140865321062,0
1191,7173-TETGO,0.1241875808592127,0
1192,3910-MRQOY,0.034150731190794946,0
1193,8285-ABVLB,0.030312394599126644,0
1194,8404-FYDIB,0.4519467228345465,0
1195,8665-UTDHZ,0.33189019862545516,0
1196,0362-RAOQO,0.029792740349280998,0
1197,3884-HCSWG,0.5652754105861486,1
1198,9480-BQJEI,0.12307742146386474,0
1199,0023-XUOPT,0.5463858761075644,1
1200,1053-MXTTK,0.17006698415615668,0
1201,4522-XRWWI,0.0590451129819879,0
1202,4883-KCPZJ,0.02349147779440536,0
1203,0549-CYCQN,0.1241875808592127,0
1204,8380-MQINP,0.028566736376051467,0
1205,5480-TBGPH,0.4447300895416684,0
1206,0196-JTUQI,0.45917436662672356,0
1207,5916-QEWPT,0.2631513945121999,0
1208,5451-MHQOF,0.027727709191124945,0
1209,8062-YBDOE,0.5666354148763829,1
1210,6746-WAUWT,0.029792740349280998,0
1211,0739-UUAJR,0.0660500665494155,0
1212,3050-GBUSH,0.2853705711014913,0
1213,5915-ANOEI,0.07978480952856222,0
1214,7389-KBFIT,0.33189019862545516,0
1215,1173-XZPYF,0.5525497496970607,1
1216,9524-EGPJC,0.5483925875169604,1
1217,5498-TXHLF,0.5548740915491231,1
1218,0257-ZESQC,0.45917436662672356,0
1219,1324-NLTJE,0.2832139597389976,0
1220,2439-QKJUL,0.19568960042424988,0
1221,5495-GPSRW,0.03373660335745963,0
1222,7696-AMHOD,0.0590451129819879,0
1223,1622-HSHSF,0.20230727042552835,0
1224,5154-VEKBL,0.3186139460527195,0
1225,9297-FVVDH,0.07916652995866977,0
1226,8844-TONUD,0.5454368020334903,1
1227,9534-NSXEM,0.02441867326803211,0
1228,3423-HHXAO,0.03373660335745963,0
1229,1383-EZRWL,0.20091662567205174,0
1230,0952-KMEEH,0.5454368020334903,1
1231,4349-GFQHK,0.3297335872629613,0
1232,2824-MYYBN,0.5454368020334903,1
1233,8183-ONMXC,0.5627633157344581,1
1234,6088-BXMRG,0.5454368020334903,1
1235,8450-JOVAH,0.32120242402895405,0
1236,2927-CVULT,0.17087647094412045,0
1237,2139-FQHLM,0.5483925875169604,1
1238,7940-UQQUG,0.16942140865321062,0
1239,3855-ONCAR,0.5618254810650878,1
1240,1092-WPIVQ,0.028102944168214905,0
1241,1384-RCUXW,0.5627633157344581,1
1242,9443-JUBUO,0.05740677389533893,0
1243,9537-JALFH,0.028251006009443726,0
1244,9881-VCZEP,0.3297335872629613,0
1245,1663-MHLHE,0.2005575594076974,0
1246,2000-DHJUY,0.0585249675379911,0
1247,3049-SOLAY,0.5454368020334903,1
1248,8566-YPRGL,0.20230727042552835,0
1249,1223-UNPKS,0.03219486901762237,0
1250,9136-ALYBR,0.32597721339108177,0
1251,1403-LKLIK,0.03219486901762237,0
1252,2920-RNCEZ,0.46442141811856863,0
1253,7016-NVRIC,0.12300413287326072,0
1254,8356-WUAOJ,0.33189019862545516,0
1255,2858-EIMXH,0.15810515261076036,0
1256,6234-RAAPL,0.166334912437177,0
1257,9546-CQJSU,0.5463858761075644,1
1258,4765-OXPPD,0.3076590196809476,0
1259,6235-VDHOM,0.3290710019356724,0
1260,6994-FGRHH,0.21737908143407675,0
1261,7722-CVFXN,0.21590706938545196,0
1262,3795-CAWEX,0.1645677841683747,0
1263,1096-ADRUX,0.12884316721482583,0
1264,9874-QLCLH,0.5172441625423487,1
1265,8120-JDCAM,0.5666354148763829,1
1266,1353-GHZOS,0.05936425134356627,0
1267,0722-SVSFK,0.5401191666494095,1
1268,2533-TIBIX,0.2853705711014913,0
1269,0842-IWYCP,0.2853705711014913,0
1270,4522-AKYLR,0.3297335872629613,0
1271,4609-KNNWG,0.03219486901762237,0
1272,3967-VQOGC,0.028663706914797814,0
1273,2782-LFZVW,0.3186139460527195,0
1274,4625-EWPTF,0.33189019862545516,0
1275,6695-AMZUF,0.057763402991383446,0
1276,1251-STYSZ,0.5627633157344581,1
1277,1452-VOQCH,0.5632547132575022,1
1278,5982-FPVQN,0.5454368020334903,1
1279,0902-XKXPN,0.028597942503602657,0
1280,2294-DMMUS,0.26560250178895306,0
1281,5376-DEQCP,0.5632547132575022,1
1282,1450-SKCVI,0.5632547132575022,1
1283,5115-SQAAU,0.023888207848692097,0
1284,5859-HZYLF,0.03105982209988586,0
1285,3272-VUHPV,0.2768625832178817,0
1286,7797-EJMDP,0.2606645820230631,0
1287,3594-IVHJZ,0.1923648197610219,0
1288,1087-GRUYI,0.024067983689154606,0
1289,3498-LZGQZ,0.03500368510806449,0
1290,5318-YKDPV,0.0590451129819879,0
1291,5989-OMNJE,0.08052312573278421,0
1292,0835-JKADZ,0.2141320818529023,0
1293,4086-ATNFV,0.0757421873964256,0
1294,6885-PKOAM,0.05842683341209542,0
1295,3948-XHGNA,0.2853705711014913,0
1296,7815-PDTHL,0.03329027995876834,0
1297,9397-TZSHA,0.023116242817315412,0
1298,6728-WYQBC,0.18596071318467655,0
1299,1591-XWLGB,0.030312394599126644,0
1300,0376-YMCJC,0.5463858761075644,1
1301,4123-DVHPH,0.5548740915491231,1
1302,3570-YUEKJ,0.33189019862545516,0
1303,5698-BQJOH,0.5463858761075644,1
1304,3451-VAWLI,0.029792740349280998,0
1305,7047-FWEYA,0.22476422461079104,0
1306,5727-MYATE,0.0585249675379911,0
1307,0848-ZGQIJ,0.44344270786719003,0
1308,8100-HZZLJ,0.3076590196809476,0
1309,6877-TJMBR,0.5627633157344581,1
1310,6729-GDNGC,0.46043816091356293,0
1311,3365-SAIGS,0.5627633157344581,1
1312,8514-VZHEB,0.03373660335745963,0
1313,0871-URUWO,0.43803033738838215,0
1314,1855-CFULU,0.20091662567205174,0
1315,9722-UJOJR,0.5632547132575022,1
1316,5609-CEBID,0.5463858761075644,1
1317,9430-NKQLY,0.02349147779440536,0
1318,6303-KFWSL,0.08462046296239886,0
1319,9711-FJTBX,0.18473691038013132,0
1320,9053-EJUNL,0.5525497496970607,1
1321,4553-DVPZG,0.5401191666494095,1
1322,4295-YURET,0.0596258897231465,0
1323,8212-CRQXP,0.46043816091356293,0
1324,4192-GORJT,0.5463858761075644,1
1325,8670-ERCJH,0.1670153216416081,0
1326,4827-LTQRJ,0.17006698415615668,0
1327,2460-NGXBJ,0.45917436662672356,0
1328,9938-ZREHM,0.08036558626972083,0
1329,7032-LMBHI,0.05740677389533893,0
1330,2800-VEQXM,0.5632547132575022,1
1331,5574-NXZIU,0.17006698415615668,0
1332,7159-NOKYQ,0.18808216362626706,0
1333,9638-JIQYA,0.2868511322355362,0
1334,7619-PLRLP,0.0590451129819879,0
1335,6143-JQKEA,0.2853705711014913,0
1336,7129-CAKJW,0.46043816091356293,0
1337,8676-OOQEJ,0.33189019862545516,0
1338,3707-LRWZD,0.18076432506702506,0
1339,4323-ELYYB,0.03219486901762237,0
1340,9430-FRQOC,0.5548740915491231,1
1341,6217-TOWGS,0.2650217250477945,0
1342,8060-HIWJJ,0.057763402991383446,0
1343,0906-QVPMS,0.1645677841683747,0
1344,0269-XFESX,0.027727709191124945,0
1345,0374-FIUCA,0.024067983689154606,0
1346,0208-BPQEJ,0.18482156304396558,0
1347,7073-QETQY,0.027952313078642613,0
1348,0975-UYDTX,0.0585249675379911,0
1349,9928-BZVLZ,0.08646580586299651,0
1350,3712-PKXZA,0.02441867326803211,0
1351,3752-CQSJI,0.1923648197610219,0
1352,9529-OFXHY,0.44664904334671496,0
1353,4818-DRBQT,0.46043816091356293,0
1354,9995-HOTOH,0.07793464775654962,0
1355,2430-RRYUW,0.08462046296239886,0
1356,6424-ELEYH,0.45917436662672356,0
1357,5760-IFJOZ,0.49267897938514693,0
1358,1264-BYWMS,0.5454368020334903,1
1359,2863-IMQDR,0.07850309953795778,0
1360,2606-PKWJB,0.08408468831102656,0
1361,6630-UJZMY,0.5627633157344581,1
1362,9070-BCKQP,0.17006698415615668,0
1363,5696-EXCYS,0.029792740349280998,0
1364,4163-KIUHY,0.21353036676959655,0
1365,2519-TWKFS,0.08462046296239886,0
1366,2254-DLXRI,0.5627633157344581,1
1367,6266-QHOJZ,0.18344561734529014,0
1368,7641-TQFHN,0.22905573596459725,0
1369,7134-MJPDY,0.1719384719914875,0
1370,8775-LHDJH,0.5463858761075644,1
1371,4140-MUHUG,0.5557107034445177,1
1372,7711-YIJWC,0.05842683341209542,0
1373,0924-BJCRC,0.5525497496970607,1
1374,4293-ETKAP,0.0590451129819879,0
1375,6221-AVQYL,0.4624007207899223,0
1376,9058-CBREO,0.33189019862545516,0
1377,6575-SUVOI,0.26817683975990775,0
1378,5186-EJEGL,0.32043970857231124,0
1379,6646-VRFOL,0.5186992248332585,1
1380,9965-YOKZB,0.5627633157344581,1
1381,9574-BOSMD,0.023888207848692097,0
1382,9992-UJOEL,0.33189019862545516,0
1383,3884-UEBXB,0.0655142918980432,0
1384,5222-IMUKT,0.5463858761075644,1
1385,1760-CAZHT,0.19271550933989942,0
1386,1423-BMPBQ,0.2005575594076974,0
1387,7470-DYNOE,0.0757421873964256,0
1388,1285-OKIPP,0.5627633157344581,1
1389,9351-LZYGF,0.2606645820230631,0
1390,8272-ONJLV,0.22024089890775797,0
1391,4092-OFQZS,0.028303002657520112,0
1392,5803-NQJZO,0.05758856492897212,0
1393,4195-SMMNX,0.1923648197610219,0
1394,2640-PMGFL,0.5627633157344581,1
1395,4059-IIEBK,0.45774513443430914,0
1396,4648-YPBTM,0.0590451129819879,0
1397,1853-ARAAQ,0.2853705711014913,0
1398,7018-FPXHH,0.05936425134356627,0
1399,4926-UMJZD,0.33189019862545516,0
1400,0818-OCPZO,0.5627633157344581,1
1401,1047-NNCBF,0.4624007207899223,0
1402,3022-BEXHZ,0.17006698415615668,0
1403,6959-GQEGV,0.3185976551046336,0
1404,3913-FCUUW,0.0596258897231465,0
1405,4480-MBMLB,0.16942140865321062,0
1406,5312-TSZVC,0.03373660335745963,0
